Date,Main_x,Start,End,InBed hrs,Asleep hrs,Awake,REM hrs,Light hrs,Deep hrs,Wake Count,Efficiency,Fall Asleep,Data Source,Main_y,Start_Nap,End_Nap,Asleep_Nap,Data Source Nap,Overnight HRV,Baseline,7d Avg,Stress,RHR,Stress_sleep
2025-07-21,True,00:17,08:56,8.65,7.93,43,1.78,4.62,1.53,1.0,92%,0.0,Synthetic,,,,,,65.0,60ms - 70ms,65.0,32.0,51.0,13.0
2025-07-22,True,23:09,06:10,7.02,6.47,33,1.3,3.94,1.24,5.0,92%,61.0,Synthetic,False,15:35,16:04,29.0,Synthetic,49.0,44ms - 54ms,57.0,29.0,63.0,12.0
2025-07-23,True,22:46,05:58,7.2,6.82,23,1.54,4.05,1.24,2.0,95%,0.0,Synthetic,,,,,,52.0,47ms - 57ms,55.0,27.0,52.0,11.0
2025-07-24,True,22:39,06:47,8.14,7.62,31,1.69,4.43,1.5,1.0,94%,13.0,Synthetic,,,,,,61.0,56ms - 66ms,57.0,23.0,50.0,6.0
2025-07-25,True,21:55,05:53,7.97,7.02,57,1.4,4.37,1.25,2.0,88%,18.0,Synthetic,,,,,,40.0,35ms - 45ms,53.0,27.0,55.0,12.0
2025-07-26,True,22:50,06:00,7.17,6.27,54,1.15,4.06,1.06,1.0,87%,14.0,Synthetic,,,,,,44.0,39ms - 49ms,52.0,39.0,60.0,22.0
2025-07-27,True,23:40,07:21,7.68,7.16,31,1.48,4.49,1.19,2.0,93%,8.0,Synthetic,,,,,,41.0,36ms - 46ms,50.0,26.0,59.0,13.0
2025-07-28,True,23:21,06:50,7.49,6.99,30,1.46,4.36,1.16,2.0,93%,33.0,Synthetic,,,,,,46.0,41ms - 51ms,48.0,29.0,56.0,19.0
2025-07-29,True,23:01,06:34,7.56,7.12,26,1.16,4.76,1.2,1.0,94%,37.0,Synthetic,,,,,,50.0,45ms - 55ms,48.0,36.0,60.0,11.0
2025-07-30,True,22:25,05:38,7.22,6.77,27,0.94,4.91,0.91,2.0,94%,9.0,Synthetic,,,,,,44.0,39ms - 49ms,47.0,35.0,58.0,19.0
2025-07-31,True,23:08,07:51,8.72,8.08,38,1.83,4.81,1.44,0.0,93%,12.0,Synthetic,,,,,,51.0,46ms - 56ms,45.0,25.0,54.0,13.0
2025-08-01,True,23:35,07:35,7.99,7.27,43,1.77,4.37,1.12,1.0,91%,12.0,Synthetic,False,12:40,13:37,57.0,Synthetic,56.0,51ms - 61ms,47.0,25.0,49.0,18.0
2025-08-02,True,23:15,06:10,6.91,6.41,30,1.24,4.14,1.03,1.0,93%,19.0,Synthetic,,,,,,55.0,50ms - 60ms,49.0,23.0,53.0,14.0
2025-08-03,True,23:06,07:35,8.49,8.41,5,1.67,5.02,1.72,1.0,99%,4.0,Synthetic,False,13:00,13:35,35.0,Synthetic,59.0,54ms - 64ms,52.0,19.0,48.0,15.0
2025-08-04,True,22:32,06:21,7.82,7.49,20,1.75,4.24,1.5,1.0,96%,1.0,Synthetic,,,,,,60.0,55ms - 65ms,54.0,22.0,47.0,7.0
2025-08-05,True,23:30,07:15,7.74,7.23,31,1.68,4.13,1.42,2.0,93%,9.0,Synthetic,False,12:32,13:06,34.0,Synthetic,59.0,54ms - 64ms,55.0,21.0,50.0,14.0
2025-08-06,True,21:10,06:00,8.82,7.89,56,1.98,4.55,1.35,0.0,89%,2.0,Synthetic,False,13:35,13:49,14.0,Synthetic,55.0,50ms - 60ms,56.0,24.0,58.0,9.0
2025-08-07,True,23:13,05:45,6.53,6.14,23,1.31,3.96,0.87,2.0,94%,11.0,Synthetic,,,,,,45.0,40ms - 50ms,56.0,27.0,54.0,14.0
2025-08-08,True,00:30,07:39,7.15,6.72,26,1.4,4.17,1.15,0.0,94%,27.0,Synthetic,False,13:02,13:37,35.0,Synthetic,53.0,48ms - 58ms,55.0,16.0,48.0,12.0
2025-08-09,True,22:07,05:29,7.37,6.49,53,1.25,4.1,1.13,4.0,88%,10.0,Synthetic,,,,,,58.0,53ms - 63ms,56.0,20.0,50.0,10.0
2025-08-10,True,22:52,06:16,7.41,6.74,40,1.42,4.17,1.16,1.0,91%,13.0,Synthetic,False,11:25,12:02,37.0,Synthetic,55.0,50ms - 60ms,55.0,34.0,53.0,9.0
2025-08-11,True,23:00,06:50,7.83,7.03,48,1.36,4.39,1.28,1.0,90%,15.0,Synthetic,,,,,,50.0,45ms - 55ms,54.0,31.0,56.0,10.0
2025-08-12,True,22:44,06:52,8.13,7.63,30,1.53,4.78,1.31,0.0,94%,23.0,Synthetic,False,12:52,13:35,43.0,Synthetic,56.0,51ms - 61ms,53.0,16.0,52.0,3.0
2025-08-13,True,23:36,07:34,7.97,7.37,36,1.89,4.15,1.32,2.0,92%,14.0,Synthetic,False,14:54,15:35,41.0,Synthetic,57.0,52ms - 62ms,53.0,16.0,54.0,9.0
2025-08-14,True,23:17,06:26,7.16,6.4,46,1.6,3.84,0.96,2.0,89%,9.0,Synthetic,False,13:20,13:54,34.0,Synthetic,48.0,43ms - 53ms,54.0,26.0,52.0,17.0
2025-08-15,True,23:05,05:27,6.36,5.88,29,1.36,3.49,1.02,3.0,92%,9.0,Synthetic,,,,,,48.0,43ms - 53ms,53.0,36.0,55.0,9.0
2025-08-16,True,23:28,07:24,7.94,7.2,44,1.4,4.57,1.24,2.0,91%,3.0,Synthetic,,,,,,57.0,52ms - 62ms,53.0,24.0,50.0,8.0
2025-08-17,True,23:01,06:20,7.32,7.09,14,1.67,4.27,1.15,0.0,97%,9.0,Synthetic,,,,,,59.0,54ms - 64ms,54.0,30.0,50.0,20.0
2025-08-18,True,00:51,09:00,8.14,7.61,32,1.78,4.5,1.33,0.0,93%,24.0,Synthetic,False,14:57,15:28,31.0,Synthetic,53.0,48ms - 58ms,54.0,24.0,49.0,9.0
2025-08-19,True,23:05,07:22,8.28,7.8,29,1.81,4.6,1.38,1.0,94%,8.0,Synthetic,,,,,,55.0,50ms - 60ms,54.0,24.0,47.0,13.0
2025-08-20,True,23:07,07:28,8.35,8.27,5,2.26,4.39,1.62,0.0,99%,7.0,Synthetic,False,14:32,14:57,25.0,Synthetic,71.0,66ms - 76ms,56.0,5.0,48.0,9.0
2025-08-21,True,22:00,06:25,8.41,8.06,21,1.97,4.37,1.72,2.0,96%,13.0,Synthetic,,,,,,69.0,64ms - 74ms,59.0,23.0,50.0,12.0
2025-08-22,True,22:41,06:30,7.82,7.43,23,1.73,4.4,1.3,1.0,95%,3.0,Synthetic,,,,,,48.0,43ms - 53ms,59.0,21.0,54.0,6.0
2025-08-23,True,23:40,07:17,7.61,7.18,26,1.56,4.46,1.16,2.0,94%,1.0,Synthetic,False,12:53,13:31,38.0,Synthetic,51.0,46ms - 56ms,58.0,32.0,54.0,14.0
2025-08-24,True,22:13,05:36,7.38,6.91,28,1.54,4.43,0.95,5.0,94%,21.0,Synthetic,,,,,,49.0,44ms - 54ms,57.0,20.0,54.0,7.0
2025-08-25,True,21:44,05:28,7.72,7.55,10,1.47,4.8,1.29,2.0,98%,6.0,Synthetic,,,,,,58.0,53ms - 63ms,57.0,20.0,45.0,20.0
2025-08-26,True,23:01,07:04,8.05,7.52,32,1.68,4.52,1.31,1.0,93%,5.0,Synthetic,,,,,,56.0,51ms - 61ms,57.0,24.0,53.0,5.0
2025-08-27,True,23:48,07:33,7.75,7.37,23,1.44,4.78,1.15,0.0,95%,33.0,Synthetic,False,13:34,14:03,29.0,Synthetic,49.0,44ms - 54ms,54.0,26.0,54.0,11.0
2025-08-28,True,23:01,06:25,7.4,6.53,52,1.09,4.24,1.21,1.0,88%,39.0,Synthetic,,,,,,43.0,38ms - 48ms,51.0,33.0,57.0,13.0
2025-08-29,True,22:48,06:28,7.66,7.31,21,1.78,4.31,1.22,3.0,95%,11.0,Synthetic,False,13:26,13:52,26.0,Synthetic,52.0,47ms - 57ms,51.0,25.0,54.0,8.0
2025-08-30,True,21:55,05:32,7.63,7.26,22,1.86,3.96,1.44,2.0,95%,16.0,Synthetic,,,,,,54.0,49ms - 59ms,52.0,19.0,49.0,17.0
2025-08-31,True,23:16,07:02,7.77,7.46,19,1.88,4.22,1.36,1.0,96%,55.0,Synthetic,,,,,,53.0,48ms - 58ms,52.0,29.0,46.0,21.0
2025-09-01,True,23:23,07:43,8.33,7.5,50,1.62,4.59,1.28,1.0,90%,8.0,Synthetic,,,,,,56.0,51ms - 61ms,52.0,31.0,51.0,12.0
2025-09-02,True,21:58,04:53,6.93,6.31,37,1.55,3.68,1.08,2.0,91%,32.0,Synthetic,False,12:10,12:33,23.0,Synthetic,57.0,52ms - 62ms,52.0,21.0,54.0,8.0
2025-09-03,True,23:40,06:48,7.14,6.64,30,1.43,4.06,1.15,3.0,93%,21.0,Synthetic,,,,,,57.0,52ms - 62ms,53.0,27.0,54.0,4.0
2025-09-04,True,23:27,06:40,7.22,6.6,37,1.46,3.79,1.36,2.0,91%,49.0,Synthetic,,,,,,49.0,44ms - 54ms,54.0,20.0,48.0,12.0
2025-09-05,True,23:40,06:15,6.6,6.51,5,1.31,4.29,0.91,2.0,99%,4.0,Synthetic,False,13:52,14:16,24.0,Synthetic,61.0,56ms - 66ms,55.0,14.0,47.0,9.0
2025-09-06,True,23:20,06:59,7.64,7.21,26,1.68,4.46,1.07,0.0,94%,26.0,Synthetic,,,,,,61.0,56ms - 66ms,56.0,26.0,48.0,8.0
2025-09-07,True,23:23,08:09,8.78,7.99,47,1.85,4.73,1.41,1.0,91%,3.0,Synthetic,,,,,,57.0,52ms - 62ms,57.0,10.0,48.0,11.0
2025-09-08,True,23:18,07:09,7.85,7.39,28,1.47,4.58,1.34,0.0,94%,26.0,Synthetic,,,,,,59.0,54ms - 64ms,57.0,25.0,47.0,13.0
2025-09-09,True,23:30,07:33,8.04,7.59,27,1.7,4.44,1.46,2.0,94%,6.0,Synthetic,,,,,,58.0,53ms - 63ms,57.0,20.0,47.0,12.0
2025-09-10,True,21:56,06:34,8.62,8.12,30,1.85,4.72,1.55,0.0,94%,1.0,Synthetic,False,11:40,12:02,22.0,Synthetic,68.0,63ms - 73ms,59.0,18.0,47.0,9.0
2025-09-11,True,22:07,06:27,8.33,7.5,50,1.79,4.52,1.19,4.0,90%,28.0,Synthetic,,,,,,56.0,51ms - 61ms,60.0,31.0,55.0,11.0
2025-09-12,True,22:34,05:39,7.09,6.8,17,1.5,4.08,1.23,1.0,96%,1.0,Synthetic,,,,,,41.0,36ms - 46ms,57.0,32.0,52.0,19.0
2025-09-13,True,22:55,06:39,7.72,7.34,23,1.44,4.6,1.3,2.0,95%,30.0,Synthetic,,,,,,56.0,51ms - 61ms,56.0,27.0,55.0,17.0
2025-09-14,True,23:14,06:40,7.45,6.63,49,1.31,4.27,1.06,1.0,89%,3.0,Synthetic,False,11:59,12:17,18.0,Synthetic,40.0,35ms - 45ms,54.0,36.0,59.0,21.0
2025-09-15,True,23:11,06:04,6.87,6.26,37,1.21,3.94,1.1,0.0,91%,13.0,Synthetic,,,,,,48.0,43ms - 53ms,52.0,32.0,53.0,21.0
2025-09-16,True,23:39,07:30,7.84,7.09,45,1.53,4.28,1.29,1.0,90%,1.0,Synthetic,False,13:31,14:15,44.0,Synthetic,60.0,55ms - 65ms,53.0,16.0,51.0,6.0
2025-09-17,True,23:40,06:32,6.86,6.28,35,1.12,4.18,0.97,2.0,91%,1.0,Synthetic,,,,,,45.0,40ms - 50ms,49.0,27.0,57.0,9.0
2025-09-18,True,22:29,05:34,7.07,6.97,6,1.51,4.14,1.32,1.0,99%,5.0,Synthetic,,,,,,58.0,53ms - 63ms,50.0,29.0,50.0,9.0
2025-09-19,True,23:08,06:06,6.97,6.47,30,1.14,4.3,1.03,3.0,93%,7.0,Synthetic,False,15:21,15:54,33.0,Synthetic,44.0,39ms - 49ms,50.0,40.0,55.0,13.0
2025-09-20,True,22:30,05:42,7.2,7.0,12,1.16,4.73,1.1,0.0,97%,3.0,Synthetic,False,13:22,13:47,25.0,Synthetic,47.0,42ms - 52ms,49.0,35.0,59.0,20.0
2025-09-21,True,22:53,07:08,8.25,7.62,38,1.6,4.59,1.42,1.0,92%,2.0,Synthetic,False,15:52,16:13,21.0,Synthetic,49.0,44ms - 54ms,50.0,23.0,54.0,17.0
2025-09-22,True,23:11,06:15,7.06,6.53,32,1.44,4.26,0.82,2.0,92%,2.0,Synthetic,,,,,,58.0,53ms - 63ms,52.0,28.0,55.0,18.0
2025-09-23,True,21:01,04:59,7.97,7.59,23,1.41,4.99,1.19,2.0,95%,11.0,Synthetic,,,,,,57.0,52ms - 62ms,51.0,26.0,52.0,13.0
2025-09-24,True,00:24,08:10,7.76,7.16,36,1.62,4.36,1.18,1.0,92%,1.0,Synthetic,,,,,,60.0,55ms - 65ms,53.0,23.0,48.0,11.0
2025-09-25,True,23:20,07:37,8.28,7.55,44,1.8,4.46,1.29,1.0,91%,39.0,Synthetic,,,,,,60.0,55ms - 65ms,54.0,27.0,52.0,17.0
2025-09-26,True,22:39,06:14,7.57,7.02,33,1.63,4.23,1.16,2.0,93%,40.0,Synthetic,,,,,,54.0,49ms - 59ms,55.0,28.0,54.0,16.0
2025-09-27,True,00:07,06:49,6.68,6.6,5,1.62,3.98,1.0,2.0,99%,1.0,Synthetic,,,,,,60.0,55ms - 65ms,57.0,22.0,53.0,12.0
2025-09-28,True,22:48,07:07,8.32,7.67,39,1.66,4.79,1.22,4.0,92%,20.0,Synthetic,,,,,,52.0,47ms - 57ms,57.0,21.0,51.0,19.0
2025-09-29,True,23:05,06:21,7.27,6.43,50,1.13,4.38,0.92,2.0,89%,18.0,Synthetic,,,,,,41.0,36ms - 46ms,55.0,22.0,56.0,17.0
2025-09-30,True,22:43,05:45,7.04,6.14,54,0.97,3.96,1.22,2.0,87%,13.0,Synthetic,,,,,,38.0,33ms - 43ms,52.0,37.0,58.0,18.0
2025-10-01,True,23:58,06:49,6.85,5.75,66,1.08,3.62,1.06,3.0,84%,5.0,Synthetic,,,,,,35.0,30ms - 40ms,49.0,38.0,61.0,17.0
2025-10-02,True,22:56,05:50,6.89,6.39,30,1.3,4.12,0.97,2.0,93%,13.0,Synthetic,,,,,,48.0,43ms - 53ms,47.0,34.0,53.0,20.0
2025-10-03,True,23:05,07:13,8.13,7.06,64,1.62,4.33,1.11,0.0,87%,31.0,Synthetic,,,,,,52.0,47ms - 57ms,47.0,22.0,57.0,21.0
2025-10-04,True,23:42,07:11,7.47,7.12,21,1.69,4.34,1.09,2.0,95%,6.0,Synthetic,,,,,,53.0,48ms - 58ms,46.0,28.0,53.0,13.0
2025-10-05,True,23:20,07:16,7.92,7.16,46,1.46,4.73,0.97,0.0,90%,25.0,Synthetic,,,,,,56.0,51ms - 61ms,46.0,37.0,50.0,20.0
2025-10-06,True,22:58,06:29,7.51,7.26,15,1.34,4.7,1.22,2.0,97%,10.0,Synthetic,False,13:31,14:12,41.0,Synthetic,57.0,52ms - 62ms,48.0,26.0,56.0,6.0
2025-10-07,True,23:39,07:54,8.26,7.94,19,1.69,4.97,1.28,1.0,96%,36.0,Synthetic,,,,,,57.0,52ms - 62ms,51.0,23.0,57.0,12.0
2025-10-08,True,00:29,08:21,7.86,7.0,52,1.51,4.29,1.19,2.0,89%,15.0,Synthetic,,,,,,50.0,45ms - 55ms,53.0,27.0,55.0,13.0
2025-10-09,True,23:11,06:17,7.1,6.65,27,1.42,4.25,0.98,1.0,94%,28.0,Synthetic,,,,,,62.0,57ms - 67ms,55.0,33.0,55.0,10.0
2025-10-10,True,23:04,07:19,8.25,7.47,47,1.45,4.86,1.16,3.0,91%,49.0,Synthetic,,,,,,50.0,45ms - 55ms,55.0,22.0,54.0,24.0
2025-10-11,True,23:06,06:33,7.45,6.73,43,1.4,4.21,1.12,1.0,90%,9.0,Synthetic,,,,,,49.0,44ms - 54ms,54.0,30.0,50.0,15.0
2025-10-12,True,23:46,07:44,7.96,7.3,40,1.38,4.7,1.22,1.0,92%,18.0,Synthetic,False,11:46,12:00,14.0,Synthetic,46.0,41ms - 51ms,53.0,26.0,51.0,15.0
2025-10-13,True,22:39,06:20,7.69,6.59,66,1.13,4.42,1.05,2.0,86%,57.0,Synthetic,,,,,,37.0,32ms - 42ms,50.0,32.0,59.0,19.0
2025-10-14,True,22:50,06:14,7.39,6.75,38,1.39,4.42,0.94,1.0,91%,89.0,Synthetic,,,,,,41.0,36ms - 46ms,48.0,29.0,54.0,8.0
2025-10-15,True,22:06,05:21,7.24,6.87,22,1.29,4.39,1.2,2.0,95%,13.0,Synthetic,,,,,,48.0,43ms - 53ms,48.0,38.0,54.0,14.0
2025-10-16,True,22:19,06:32,8.23,7.71,31,1.58,4.97,1.16,3.0,94%,46.0,Synthetic,,,,,,45.0,40ms - 50ms,45.0,38.0,55.0,20.0
2025-10-17,True,22:42,07:26,8.74,8.04,42,1.73,4.86,1.44,2.0,92%,7.0,Synthetic,,,,,,64.0,59ms - 69ms,47.0,28.0,55.0,11.0
2025-10-18,True,22:58,06:53,7.91,7.31,36,1.41,4.62,1.28,1.0,92%,8.0,Synthetic,,,,,,51.0,46ms - 56ms,47.0,22.0,48.0,9.0
2025-10-19,True,00:02,07:43,7.69,7.56,8,1.62,4.74,1.2,0.0,98%,44.0,Synthetic,False,11:35,11:58,23.0,Synthetic,53.0,48ms - 58ms,48.0,34.0,49.0,16.0
2025-10-20,True,23:19,07:29,8.17,7.82,21,1.92,4.55,1.34,1.0,96%,16.0,Synthetic,,,,,,58.0,53ms - 63ms,51.0,21.0,55.0,18.0
2025-10-21,True,22:28,05:39,7.18,6.72,28,1.23,4.3,1.18,6.0,94%,29.0,Synthetic,,,,,,58.0,53ms - 63ms,54.0,23.0,50.0,16.0
2025-10-22,True,22:35,06:18,7.73,7.22,31,1.19,4.73,1.29,0.0,93%,7.0,Synthetic,False,15:03,15:58,55.0,Synthetic,52.0,47ms - 57ms,54.0,18.0,55.0,12.0
2025-10-23,True,23:48,06:45,6.95,6.4,33,0.91,4.54,0.95,2.0,92%,26.0,Synthetic,,,,,,43.0,38ms - 48ms,54.0,42.0,57.0,18.0
2025-10-24,True,23:39,06:41,7.03,6.19,50,1.07,4.06,1.06,1.0,88%,31.0,Synthetic,,,,,,27.0,22ms - 32ms,49.0,44.0,62.0,18.0
2025-10-25,True,23:01,05:23,6.37,5.47,54,0.9,3.7,0.86,2.0,86%,8.0,Synthetic,,,,,,29.0,24ms - 34ms,46.0,54.0,65.0,19.0
2025-10-26,True,22:45,05:03,6.32,5.12,72,0.82,3.63,0.66,1.0,81%,12.0,Synthetic,,,,,,27.0,22ms - 32ms,42.0,35.0,64.0,19.0
2025-10-27,True,23:39,06:07,6.45,5.44,61,1.18,3.35,0.91,1.0,84%,7.0,Synthetic,,,,,,32.0,27ms - 37ms,38.0,43.0,61.0,17.0
2025-10-28,True,22:25,05:01,6.6,5.73,52,0.62,4.04,1.07,1.0,87%,35.0,Synthetic,False,12:51,13:29,38.0,Synthetic,38.0,33ms - 43ms,35.0,37.0,56.0,16.0
2025-10-29,True,23:14,06:09,6.92,6.14,47,1.18,3.81,1.15,2.0,89%,19.0,Synthetic,,,,,,31.0,26ms - 36ms,32.0,40.0,61.0,13.0
2025-10-30,True,00:20,07:53,7.57,6.95,37,1.69,4.23,1.03,1.0,92%,3.0,Synthetic,,,,,,46.0,41ms - 51ms,33.0,18.0,51.0,15.0
2025-10-31,True,23:07,07:25,8.3,7.82,29,1.43,5.2,1.19,0.0,94%,50.0,Synthetic,,,,,,47.0,42ms - 52ms,36.0,35.0,55.0,16.0
2025-11-01,True,22:33,06:37,8.06,7.78,17,1.63,4.61,1.54,0.0,96%,17.0,Synthetic,,,,,,52.0,47ms - 57ms,39.0,28.0,52.0,19.0
2025-11-02,True,23:14,06:09,6.91,6.43,29,1.18,4.32,0.92,5.0,93%,8.0,Synthetic,,,,,,50.0,45ms - 55ms,42.0,29.0,56.0,13.0
2025-11-03,True,22:44,06:17,7.56,7.01,33,1.27,4.75,0.99,5.0,93%,16.0,Synthetic,,,,,,49.0,44ms - 54ms,45.0,32.0,56.0,17.0
2025-11-04,True,22:11,05:06,6.92,6.37,33,1.16,4.28,0.93,3.0,92%,4.0,Synthetic,False,13:12,13:37,25.0,Synthetic,47.0,42ms - 52ms,46.0,29.0,55.0,19.0
2025-11-05,True,23:25,06:40,7.26,6.46,48,1.45,3.95,1.06,2.0,89%,6.0,Synthetic,,,,,,47.0,42ms - 52ms,48.0,30.0,53.0,17.0
2025-11-06,True,23:39,07:32,7.89,7.15,44,1.77,4.19,1.2,1.0,91%,31.0,Synthetic,,,,,,56.0,51ms - 61ms,50.0,24.0,55.0,17.0
2025-11-07,True,22:49,06:01,7.2,6.68,31,1.18,4.57,0.93,4.0,93%,6.0,Synthetic,,,,,,41.0,36ms - 46ms,49.0,26.0,59.0,22.0
2025-11-08,True,22:47,06:06,7.33,6.63,42,1.6,4.04,0.99,1.0,90%,63.0,Synthetic,,,,,,48.0,43ms - 53ms,48.0,34.0,58.0,18.0
2025-11-09,True,22:26,06:28,8.03,7.45,35,1.53,4.76,1.15,0.0,93%,4.0,Synthetic,,,,,,52.0,47ms - 57ms,49.0,34.0,54.0,14.0
2025-11-10,True,22:55,05:56,7.03,6.26,46,1.5,3.85,0.9,1.0,89%,36.0,Synthetic,False,12:06,12:34,28.0,Synthetic,47.0,42ms - 52ms,48.0,27.0,52.0,15.0
2025-11-11,True,22:40,05:51,7.17,6.31,52,1.13,3.97,1.21,3.0,88%,37.0,Synthetic,,,,,,37.0,32ms - 42ms,47.0,38.0,61.0,14.0
2025-11-12,True,22:25,06:38,8.22,7.74,29,1.5,5.0,1.24,3.0,94%,21.0,Synthetic,,,,,,42.0,37ms - 47ms,46.0,31.0,56.0,15.0
2025-11-13,True,00:06,07:16,7.16,6.62,32,1.31,4.19,1.13,2.0,93%,4.0,Synthetic,False,14:45,15:36,51.0,Synthetic,39.0,34ms - 44ms,44.0,35.0,58.0,16.0
2025-11-14,True,23:16,07:24,8.13,7.43,42,1.95,4.34,1.14,1.0,91%,8.0,Synthetic,,,,,,49.0,44ms - 54ms,45.0,27.0,54.0,12.0
2025-11-15,True,23:20,07:08,7.8,6.93,52,1.53,4.28,1.12,3.0,89%,12.0,Synthetic,,,,,,48.0,43ms - 53ms,45.0,24.0,59.0,17.0
2025-11-16,True,23:31,07:27,7.93,7.84,5,1.68,4.81,1.35,4.0,99%,25.0,Synthetic,False,13:37,14:26,49.0,Synthetic,57.0,52ms - 62ms,46.0,25.0,47.0,15.0
2025-11-17,True,23:27,07:20,7.88,7.32,34,1.75,4.6,0.97,1.0,93%,65.0,Synthetic,,,,,,53.0,48ms - 58ms,46.0,23.0,50.0,9.0
2025-11-18,True,22:46,06:27,7.69,6.79,54,1.31,4.53,0.95,2.0,88%,19.0,Synthetic,,,,,,43.0,38ms - 48ms,47.0,39.0,55.0,17.0
2025-11-19,True,23:10,06:24,7.24,6.66,35,1.3,4.46,0.9,1.0,92%,20.0,Synthetic,False,11:33,12:13,40.0,Synthetic,54.0,49ms - 59ms,49.0,27.0,51.0,11.0
2025-11-20,True,22:51,06:51,8.0,7.32,41,1.68,4.66,0.98,2.0,91%,25.0,Synthetic,,,,,,53.0,48ms - 58ms,51.0,21.0,54.0,13.0
2025-11-21,True,23:15,06:46,7.52,7.27,15,1.68,4.39,1.2,2.0,97%,10.0,Synthetic,,,,,,58.0,53ms - 63ms,52.0,25.0,53.0,7.0
2025-11-22,True,23:12,07:37,8.41,8.11,18,1.96,4.46,1.7,1.0,96%,4.0,Synthetic,False,12:31,13:12,41.0,Synthetic,67.0,62ms - 72ms,55.0,20.0,47.0,11.0
2025-11-23,True,22:47,07:05,8.31,8.23,5,1.92,4.77,1.54,1.0,99%,39.0,Synthetic,False,14:07,15:05,58.0,Synthetic,60.0,55ms - 65ms,55.0,22.0,49.0,7.0
2025-11-24,True,22:13,06:36,8.37,8.29,5,2.1,4.39,1.79,2.0,99%,68.0,Synthetic,,,,,,63.0,58ms - 68ms,57.0,19.0,40.0,11.0
2025-11-25,True,23:05,06:59,7.9,7.22,41,1.65,4.25,1.33,1.0,91%,28.0,Synthetic,,,,,,60.0,55ms - 65ms,59.0,20.0,51.0,11.0
2025-11-26,True,22:53,06:31,7.64,7.23,25,1.21,4.71,1.31,2.0,95%,5.0,Synthetic,,,,,,49.0,44ms - 54ms,59.0,26.0,53.0,12.0
2025-11-27,True,21:54,05:05,7.19,6.54,39,1.37,4.24,0.93,0.0,91%,17.0,Synthetic,,,,,,44.0,39ms - 49ms,57.0,30.0,54.0,12.0
2025-11-28,True,23:18,06:50,7.54,7.08,28,1.22,4.67,1.18,5.0,94%,19.0,Synthetic,,,,,,45.0,40ms - 50ms,55.0,25.0,59.0,18.0
2025-11-29,True,23:34,05:36,6.04,5.42,37,0.75,3.79,0.88,3.0,90%,9.0,Synthetic,,,,,,43.0,38ms - 48ms,52.0,36.0,58.0,24.0
2025-11-30,True,00:28,07:45,7.27,6.6,40,1.29,4.32,0.99,2.0,91%,19.0,Synthetic,,,,,,46.0,41ms - 51ms,50.0,37.0,55.0,18.0
2025-12-01,True,22:46,05:12,6.42,5.87,33,1.18,3.69,1.01,2.0,91%,60.0,Synthetic,,,,,,42.0,37ms - 47ms,47.0,31.0,54.0,25.0
2025-12-02,True,22:41,05:15,6.57,5.62,57,0.91,3.81,0.9,1.0,86%,12.0,Synthetic,,,,,,41.0,36ms - 46ms,44.0,30.0,54.0,26.0
2025-12-03,True,22:21,06:07,7.77,6.75,61,1.3,4.54,0.9,0.0,87%,13.0,Synthetic,,,,,,34.0,29ms - 39ms,42.0,31.0,57.0,20.0
2025-12-04,True,23:07,06:55,7.8,6.95,51,1.12,4.89,0.94,3.0,89%,20.0,Synthetic,,,,,,51.0,46ms - 56ms,43.0,41.0,59.0,17.0
2025-12-05,True,23:07,06:29,7.37,6.72,39,1.34,4.39,0.99,3.0,91%,12.0,Synthetic,,,,,,51.0,46ms - 56ms,44.0,26.0,48.0,16.0
2025-12-06,True,22:32,06:20,7.8,7.17,38,1.61,4.18,1.37,0.0,92%,31.0,Synthetic,False,13:11,13:37,26.0,Synthetic,55.0,50ms - 60ms,46.0,13.0,46.0,5.0
2025-12-07,True,22:54,06:25,7.51,7.43,5,2.0,3.79,1.64,0.0,99%,9.0,Synthetic,,,,,,81.0,76ms - 86ms,51.0,3.0,40.0,7.0
2025-12-08,True,21:51,06:07,8.27,8.18,5,2.16,4.44,1.59,0.0,99%,17.0,Synthetic,,,,,,82.0,77ms - 87ms,56.0,3.0,48.0,6.0
2025-12-09,True,23:32,08:53,9.35,8.73,37,1.85,5.26,1.62,0.0,93%,27.0,Synthetic,False,11:46,11:58,12.0,Synthetic,67.0,62ms - 72ms,60.0,26.0,51.0,11.0
2025-12-10,True,22:33,06:23,7.84,6.84,60,1.43,4.26,1.15,0.0,87%,5.0,Synthetic,,,,,,52.0,47ms - 57ms,63.0,30.0,55.0,20.0
2025-12-11,True,22:59,06:00,7.02,6.63,23,1.35,4.12,1.16,1.0,95%,13.0,Synthetic,,,,,,44.0,39ms - 49ms,62.0,36.0,58.0,22.0
2025-12-12,True,22:10,05:42,7.54,6.84,42,1.04,4.54,1.26,1.0,91%,11.0,Synthetic,,,,,,48.0,43ms - 53ms,61.0,32.0,55.0,18.0
2025-12-13,True,22:40,05:36,6.94,5.91,62,0.84,3.99,1.08,2.0,85%,10.0,Synthetic,,,,,,41.0,36ms - 46ms,59.0,39.0,59.0,17.0
2025-12-14,True,22:50,06:07,7.28,6.38,54,1.2,4.32,0.86,3.0,88%,9.0,Synthetic,,,,,,43.0,38ms - 48ms,54.0,35.0,54.0,24.0
2025-12-15,True,23:00,06:27,7.46,6.68,47,1.26,4.17,1.25,5.0,90%,3.0,Synthetic,,,,,,39.0,34ms - 44ms,48.0,36.0,59.0,21.0
2025-12-16,True,23:17,06:56,7.65,7.15,30,1.51,4.47,1.17,3.0,93%,21.0,Synthetic,,,,,,51.0,46ms - 56ms,45.0,28.0,51.0,12.0
2025-12-17,True,23:50,07:53,8.05,7.58,28,1.62,4.52,1.44,0.0,94%,2.0,Synthetic,False,13:12,13:41,29.0,Synthetic,51.0,46ms - 56ms,45.0,28.0,50.0,13.0
2025-12-18,True,23:26,07:21,7.92,7.28,38,1.57,4.46,1.25,1.0,92%,38.0,Synthetic,,,,,,56.0,51ms - 61ms,47.0,27.0,52.0,15.0
2025-12-19,True,23:34,07:14,7.68,7.01,40,1.52,4.43,1.07,5.0,91%,7.0,Synthetic,False,13:46,14:06,20.0,Synthetic,49.0,44ms - 54ms,47.0,30.0,57.0,18.0
2025-12-20,True,23:51,06:37,6.78,5.86,55,0.87,4.36,0.63,3.0,86%,6.0,Synthetic,,,,,,38.0,33ms - 43ms,47.0,47.0,59.0,15.0
2025-12-21,True,23:20,06:54,7.56,6.66,54,1.02,4.68,0.96,3.0,88%,7.0,Synthetic,,,,,,33.0,28ms - 38ms,45.0,32.0,61.0,14.0
2025-12-22,True,22:59,06:52,7.89,7.22,40,1.19,5.11,0.92,1.0,92%,43.0,Synthetic,,,,,,41.0,36ms - 46ms,46.0,34.0,56.0,15.0
2025-12-23,True,23:35,07:07,7.53,6.93,36,1.57,4.02,1.34,1.0,92%,8.0,Synthetic,,,,,,53.0,48ms - 58ms,46.0,23.0,53.0,8.0
2025-12-24,True,23:38,07:39,8.02,6.94,65,1.7,3.83,1.41,0.0,86%,14.0,Synthetic,,,,,,59.0,54ms - 64ms,47.0,25.0,52.0,10.0
2025-12-25,True,23:23,07:43,8.34,8.25,5,1.83,4.99,1.43,0.0,99%,2.0,Synthetic,False,12:55,13:29,34.0,Synthetic,66.0,61ms - 71ms,48.0,17.0,49.0,13.0
2025-12-26,True,22:09,05:56,7.79,7.2,35,1.19,4.72,1.3,2.0,93%,33.0,Synthetic,False,12:32,12:56,24.0,Synthetic,59.0,54ms - 64ms,50.0,25.0,51.0,12.0
2025-12-27,True,22:31,06:28,7.95,7.4,33,1.21,5.09,1.1,3.0,93%,39.0,Synthetic,False,12:46,13:10,24.0,Synthetic,44.0,39ms - 49ms,51.0,29.0,56.0,17.0
2025-12-28,True,22:50,06:03,7.21,6.29,55,1.06,4.34,0.89,1.0,87%,1.0,Synthetic,False,13:15,13:45,30.0,Synthetic,31.0,26ms - 36ms,50.0,26.0,59.0,14.0
2025-12-29,True,23:27,07:21,7.89,7.04,51,1.21,4.68,1.15,0.0,89%,7.0,Synthetic,,,,,,33.0,28ms - 38ms,49.0,35.0,63.0,17.0
2025-12-30,True,22:59,07:06,8.11,7.5,37,1.6,4.55,1.34,1.0,92%,3.0,Synthetic,,,,,,63.0,58ms - 68ms,51.0,16.0,53.0,14.0
2025-12-31,True,23:40,07:39,7.98,7.13,51,1.48,4.25,1.4,0.0,89%,68.0,Synthetic,,,,,,49.0,44ms - 54ms,49.0,18.0,56.0,17.0
2026-01-01,True,23:46,08:21,8.59,8.07,31,1.73,4.97,1.37,3.0,94%,4.0,Synthetic,,,,,,53.0,48ms - 58ms,47.0,23.0,59.0,9.0
2026-01-02,True,23:42,07:20,7.64,6.77,52,1.54,3.99,1.24,2.0,89%,25.0,Synthetic,False,13:59,14:21,22.0,Synthetic,56.0,51ms - 61ms,47.0,31.0,56.0,16.0
2026-01-03,True,23:42,06:43,7.01,6.93,5,1.42,4.27,1.24,1.0,99%,28.0,Synthetic,,,,,,61.0,56ms - 66ms,49.0,25.0,52.0,21.0
2026-01-04,True,22:24,06:24,8.01,7.22,47,1.47,4.36,1.39,3.0,90%,48.0,Synthetic,,,,,,57.0,52ms - 62ms,53.0,25.0,52.0,12.0
2026-01-05,True,23:17,07:21,8.07,7.47,36,1.69,4.53,1.25,1.0,93%,8.0,Synthetic,,,,,,54.0,49ms - 59ms,56.0,14.0,49.0,10.0
2026-01-06,True,22:39,05:54,7.26,6.5,46,1.16,4.22,1.12,1.0,89%,2.0,Synthetic,,,,,,53.0,48ms - 58ms,55.0,18.0,51.0,13.0
2026-01-07,True,22:02,05:38,7.6,7.2,24,1.52,4.51,1.17,1.0,95%,2.0,Synthetic,False,15:21,15:55,34.0,Synthetic,50.0,45ms - 55ms,55.0,38.0,53.0,16.0
2026-01-08,True,22:50,06:08,7.3,6.9,24,1.48,4.34,1.08,2.0,95%,17.0,Synthetic,,,,,,59.0,54ms - 64ms,56.0,20.0,54.0,13.0
2026-01-09,True,23:46,07:55,8.14,7.47,40,1.51,4.64,1.32,0.0,92%,22.0,Synthetic,,,,,,51.0,46ms - 56ms,55.0,31.0,54.0,15.0
2026-01-10,True,23:16,05:30,6.24,5.44,48,1.26,3.26,0.92,1.0,87%,9.0,Synthetic,,,,,,45.0,40ms - 50ms,53.0,30.0,58.0,12.0
2026-01-11,True,00:11,06:59,6.8,5.83,58,0.94,3.98,0.92,2.0,86%,18.0,Synthetic,False,14:46,15:16,30.0,Synthetic,42.0,37ms - 47ms,51.0,38.0,62.0,17.0
2026-01-12,True,23:06,05:52,6.77,5.77,60,1.4,3.29,1.08,2.0,85%,14.0,Synthetic,False,14:27,14:46,19.0,Synthetic,38.0,33ms - 43ms,48.0,30.0,59.0,18.0
2026-01-13,True,00:26,07:32,7.1,6.95,9,1.48,4.07,1.4,1.0,98%,10.0,Synthetic,,,,,,59.0,54ms - 64ms,49.0,26.0,51.0,12.0
2026-01-14,True,23:06,07:14,8.13,7.43,42,1.43,4.74,1.26,1.0,91%,20.0,Synthetic,,,,,,54.0,49ms - 59ms,50.0,24.0,50.0,10.0
2026-01-15,True,23:01,06:41,7.68,7.13,33,1.53,4.31,1.28,3.0,93%,2.0,Synthetic,,,,,,44.0,39ms - 49ms,48.0,22.0,55.0,13.0
2026-01-16,True,22:15,05:54,7.64,7.17,28,1.39,4.6,1.18,1.0,94%,4.0,Synthetic,,,,,,47.0,42ms - 52ms,47.0,18.0,54.0,13.0
2026-01-17,True,23:39,07:24,7.76,7.67,5,1.68,4.55,1.44,0.0,99%,22.0,Synthetic,,,,,,58.0,53ms - 63ms,49.0,19.0,44.0,13.0
2026-01-18,True,22:42,06:55,8.21,7.73,29,1.83,4.54,1.35,0.0,94%,75.0,Synthetic,,,,,,63.0,58ms - 68ms,52.0,13.0,48.0,10.0
2026-01-19,True,22:37,05:34,6.94,6.86,5,1.58,3.88,1.4,1.0,99%,19.0,Synthetic,,,,,,56.0,51ms - 61ms,54.0,25.0,52.0,14.0
2026-01-20,True,23:45,08:15,8.5,8.0,30,1.76,4.71,1.53,1.0,94%,10.0,Synthetic,,,,,,62.0,57ms - 67ms,55.0,32.0,51.0,8.0
2026-01-21,True,23:41,07:44,8.06,7.98,5,1.99,4.53,1.46,2.0,99%,27.0,Synthetic,,,,,,69.0,64ms - 74ms,57.0,25.0,51.0,12.0
2026-01-22,True,23:40,08:10,8.51,8.28,14,2.22,4.29,1.78,0.0,97%,78.0,Synthetic,,,,,,63.0,58ms - 68ms,60.0,17.0,46.0,8.0
2026-01-23,True,22:47,07:12,8.41,8.13,17,2.15,4.68,1.29,0.0,97%,7.0,Synthetic,,,,,,65.0,60ms - 70ms,62.0,16.0,49.0,12.0
2026-01-24,True,22:58,07:04,8.1,7.3,48,1.63,4.66,1.01,1.0,90%,7.0,Synthetic,,,,,,54.0,49ms - 59ms,62.0,16.0,53.0,16.0
2026-01-25,True,22:58,07:13,8.26,7.52,44,1.65,4.6,1.27,3.0,91%,0.0,Synthetic,,,,,,41.0,36ms - 46ms,59.0,26.0,55.0,20.0
2026-01-26,True,23:27,07:09,7.7,7.36,20,1.35,4.7,1.32,2.0,96%,9.0,Synthetic,,,,,,57.0,52ms - 62ms,59.0,29.0,50.0,11.0
2026-01-27,True,23:54,07:55,8.02,7.85,10,1.85,4.44,1.56,1.0,98%,2.0,Synthetic,,,,,,60.0,55ms - 65ms,58.0,11.0,47.0,9.0
2026-01-28,True,23:13,07:10,7.95,7.31,38,1.55,4.57,1.19,2.0,92%,43.0,Synthetic,,,,,,67.0,62ms - 72ms,58.0,15.0,49.0,14.0
2026-01-29,True,00:09,07:37,7.47,6.87,36,1.52,4.14,1.21,1.0,92%,55.0,Synthetic,,,,,,53.0,48ms - 58ms,57.0,22.0,47.0,10.0
2026-01-30,True,23:31,07:02,7.51,7.28,14,1.64,4.02,1.62,0.0,97%,3.0,Synthetic,,,,,,72.0,67ms - 77ms,58.0,11.0,47.0,6.0
2026-01-31,True,22:52,06:09,7.28,6.78,30,1.42,4.1,1.27,1.0,93%,76.0,Synthetic,,,,,,53.0,48ms - 58ms,58.0,19.0,53.0,14.0
2026-02-01,True,23:29,06:38,7.16,6.77,23,1.63,4.02,1.12,2.0,95%,13.0,Synthetic,,,,,,51.0,46ms - 56ms,59.0,29.0,54.0,18.0
2026-02-02,True,00:00,07:57,7.95,7.3,39,1.52,4.58,1.2,1.0,92%,0.0,Synthetic,,,,,,53.0,48ms - 58ms,58.0,21.0,52.0,10.0
2026-02-03,True,00:10,07:27,7.28,7.0,17,1.5,4.38,1.12,0.0,96%,49.0,Synthetic,,,,,,50.0,45ms - 55ms,57.0,24.0,55.0,15.0
2026-02-04,True,23:42,07:08,7.43,6.67,46,1.34,4.46,0.86,2.0,90%,9.0,Synthetic,False,14:15,14:56,41.0,Synthetic,48.0,43ms - 53ms,54.0,23.0,51.0,14.0
2026-02-05,True,23:01,07:03,8.03,7.38,39,1.53,4.59,1.26,2.0,92%,33.0,Synthetic,,,,,,50.0,45ms - 55ms,54.0,30.0,50.0,6.0
2026-02-06,True,22:52,07:24,8.53,7.48,63,1.58,4.51,1.38,0.0,88%,8.0,Synthetic,,,,,,54.0,49ms - 59ms,51.0,24.0,52.0,13.0
2026-02-07,True,23:20,07:06,7.76,7.61,9,1.83,4.56,1.23,0.0,98%,5.0,Synthetic,,,,,,58.0,53ms - 63ms,52.0,18.0,51.0,9.0
2026-02-08,True,23:59,07:38,7.65,7.25,24,1.81,4.19,1.24,0.0,95%,15.0,Synthetic,,,,,,59.0,54ms - 64ms,53.0,23.0,54.0,10.0
2026-02-09,True,23:15,07:54,8.64,7.91,44,2.07,4.51,1.33,2.0,92%,3.0,Synthetic,,,,,,59.0,54ms - 64ms,54.0,18.0,51.0,16.0
2026-02-10,True,23:16,07:00,7.74,6.77,58,1.37,4.45,0.96,1.0,88%,27.0,Synthetic,,,,,,54.0,49ms - 59ms,55.0,30.0,52.0,12.0
2026-02-11,True,23:02,05:43,6.69,6.14,33,1.31,3.83,1.0,3.0,92%,32.0,Synthetic,,,,,,47.0,42ms - 52ms,54.0,32.0,55.0,13.0
2026-02-12,True,22:49,06:10,7.36,6.52,50,1.07,4.69,0.76,3.0,89%,5.0,Synthetic,,,,,,49.0,44ms - 54ms,54.0,36.0,58.0,8.0
2026-02-13,True,22:54,06:10,7.26,6.36,54,1.12,4.23,1.01,1.0,88%,25.0,Synthetic,,,,,,37.0,32ms - 42ms,52.0,36.0,60.0,18.0
2026-02-14,True,23:05,05:49,6.73,5.75,59,1.15,3.68,0.92,5.0,85%,22.0,Synthetic,,,,,,38.0,33ms - 43ms,49.0,38.0,61.0,19.0
2026-02-15,True,00:00,07:08,7.12,6.39,44,1.29,4.19,0.92,2.0,90%,58.0,Synthetic,,,,,,34.0,29ms - 39ms,45.0,32.0,56.0,18.0
2026-02-16,True,22:52,05:45,6.88,6.25,38,1.3,4.22,0.73,4.0,91%,2.0,Synthetic,,,,,,47.0,42ms - 52ms,44.0,24.0,55.0,20.0
2026-02-17,True,23:02,06:34,7.54,7.04,30,1.44,4.65,0.95,1.0,93%,4.0,Synthetic,,,,,,42.0,37ms - 47ms,42.0,38.0,59.0,22.0
2026-02-18,True,22:30,06:28,7.98,7.21,46,1.47,4.46,1.29,2.0,90%,8.0,Synthetic,False,12:48,13:06,18.0,Synthetic,51.0,46ms - 56ms,43.0,34.0,58.0,18.0
2026-02-19,True,23:25,06:45,7.33,6.48,51,1.42,4.38,0.68,1.0,88%,4.0,Synthetic,,,,,,45.0,40ms - 50ms,42.0,35.0,55.0,16.0
2026-02-20,True,23:48,07:18,7.5,6.78,43,1.35,4.41,1.02,2.0,90%,9.0,Synthetic,False,13:08,13:35,27.0,Synthetic,50.0,45ms - 55ms,44.0,34.0,56.0,22.0
2026-02-21,True,23:57,06:15,6.31,6.07,14,1.23,3.94,0.9,2.0,96%,2.0,Synthetic,,,,,,55.0,50ms - 60ms,46.0,26.0,46.0,14.0
2026-02-22,True,23:07,06:38,7.51,6.83,41,1.55,3.98,1.3,4.0,91%,27.0,Synthetic,,,,,,63.0,58ms - 68ms,50.0,26.0,50.0,9.0
2026-02-23,True,23:20,07:24,8.07,7.67,24,1.37,4.93,1.37,1.0,95%,22.0,Synthetic,,,,,,63.0,58ms - 68ms,53.0,22.0,47.0,2.0
2026-02-24,True,22:55,06:14,7.33,7.05,17,1.65,4.07,1.33,3.0,96%,12.0,Synthetic,,,,,,69.0,64ms - 74ms,57.0,25.0,47.0,9.0
2026-02-25,True,23:18,07:16,7.97,7.45,31,1.02,5.08,1.34,3.0,94%,51.0,Synthetic,,,,,,51.0,46ms - 56ms,57.0,25.0,53.0,17.0
2026-02-26,True,23:11,07:25,8.23,7.93,18,1.39,4.99,1.55,1.0,96%,94.0,Synthetic,,,,,,48.0,43ms - 53ms,57.0,34.0,53.0,24.0
2026-02-27,True,23:02,06:01,6.98,6.62,22,1.47,4.04,1.11,2.0,95%,10.0,Synthetic,,,,,,48.0,43ms - 53ms,57.0,27.0,47.0,14.0
2026-02-28,True,23:05,06:20,7.26,6.83,26,1.53,4.07,1.22,2.0,94%,50.0,Synthetic,,,,,,63.0,58ms - 68ms,58.0,28.0,53.0,10.0
2026-03-01,True,23:16,07:04,7.8,6.85,57,1.18,4.76,0.92,5.0,88%,10.0,Synthetic,,,,,,49.0,44ms - 54ms,56.0,32.0,53.0,12.0
2026-03-02,True,22:50,06:58,8.15,7.61,32,1.43,4.79,1.39,1.0,93%,30.0,Synthetic,,,,,,47.0,42ms - 52ms,54.0,30.0,56.0,18.0
2026-03-03,True,22:52,06:05,7.22,6.49,44,1.55,3.93,1.0,1.0,90%,32.0,Synthetic,False,13:13,14:04,51.0,Synthetic,56.0,51ms - 61ms,52.0,23.0,50.0,7.0
2026-03-04,True,00:00,08:17,8.29,8.16,8,1.92,4.71,1.53,2.0,98%,8.0,Synthetic,,,,,,70.0,65ms - 75ms,54.0,17.0,46.0,9.0
2026-03-05,True,00:35,10:01,9.44,9.32,7,2.77,4.61,1.94,0.0,99%,20.0,Synthetic,,,,,,83.0,78ms - 88ms,59.0,22.0,42.0,7.0
2026-03-06,True,22:18,05:37,7.32,7.0,19,1.63,4.24,1.13,0.0,96%,9.0,Synthetic,False,11:22,12:02,40.0,Synthetic,56.0,51ms - 61ms,61.0,16.0,49.0,11.0
2026-03-07,True,22:16,05:46,7.5,6.86,38,1.59,4.02,1.26,3.0,92%,26.0,Synthetic,,,,,,56.0,51ms - 61ms,60.0,22.0,51.0,11.0
2026-03-08,True,22:26,05:37,7.17,6.57,36,1.54,3.86,1.17,2.0,92%,10.0,Synthetic,False,13:03,13:23,20.0,Synthetic,45.0,40ms - 50ms,59.0,28.0,55.0,19.0
2026-03-09,True,22:56,05:46,6.83,6.4,26,1.25,4.1,1.04,3.0,94%,3.0,Synthetic,,,,,,36.0,31ms - 41ms,57.0,30.0,53.0,18.0
2026-03-10,True,23:31,07:10,7.65,7.26,23,1.32,4.94,1.0,0.0,95%,32.0,Synthetic,False,11:34,11:56,22.0,Synthetic,53.0,48ms - 58ms,57.0,36.0,51.0,12.0
2026-03-11,True,23:21,07:14,7.89,7.54,21,1.66,4.55,1.33,0.0,96%,26.0,Synthetic,False,12:41,12:58,17.0,Synthetic,56.0,51ms - 61ms,55.0,18.0,49.0,19.0
2026-03-12,True,23:06,05:42,6.6,6.25,21,1.29,3.81,1.14,2.0,95%,31.0,Synthetic,,,,,,54.0,49ms - 59ms,51.0,24.0,53.0,13.0
2026-03-13,True,23:19,07:07,7.8,7.04,46,1.2,4.93,0.91,1.0,90%,24.0,Synthetic,,,,,,57.0,52ms - 62ms,51.0,22.0,54.0,19.0
2026-03-14,True,22:36,05:15,6.66,5.79,52,0.96,4.14,0.69,5.0,87%,31.0,Synthetic,,,,,,33.0,28ms - 38ms,48.0,36.0,62.0,12.0
2026-03-15,True,22:51,07:05,8.22,6.87,81,1.13,4.62,1.12,3.0,84%,4.0,Synthetic,,,,,,37.0,32ms - 42ms,47.0,28.0,58.0,25.0
2026-03-16,True,22:59,05:25,6.42,5.84,35,1.16,3.81,0.87,4.0,91%,27.0,Synthetic,False,15:28,15:49,21.0,Synthetic,36.0,31ms - 41ms,47.0,42.0,58.0,27.0
2026-03-17,True,22:05,04:57,6.87,5.92,57,1.06,3.95,0.91,2.0,86%,5.0,Synthetic,,,,,,41.0,36ms - 46ms,45.0,51.0,59.0,21.0
2026-03-18,True,22:19,05:25,7.09,6.38,43,1.07,4.16,1.14,4.0,90%,18.0,Synthetic,,,,,,34.0,29ms - 39ms,42.0,36.0,61.0,23.0
2026-03-19,True,22:21,05:49,7.48,6.73,45,1.22,4.44,1.07,5.0,90%,19.0,Synthetic,False,13:38,14:25,47.0,Synthetic,38.0,33ms - 43ms,39.0,27.0,59.0,21.0
2026-03-20,True,23:27,06:36,7.16,6.11,63,1.05,4.14,0.92,1.0,85%,8.0,Synthetic,,,,,,37.0,32ms - 42ms,37.0,46.0,66.0,20.0
2026-03-21,True,23:09,04:42,5.56,4.93,38,0.88,3.08,0.97,2.0,89%,19.0,Synthetic,,,,,,30.0,25ms - 35ms,36.0,40.0,62.0,26.0
2026-03-22,True,23:21,07:14,7.87,7.19,41,1.32,4.7,1.17,1.0,91%,27.0,Synthetic,,,,,,41.0,36ms - 46ms,37.0,34.0,54.0,12.0
2026-03-23,True,21:56,05:08,7.21,6.02,71,0.97,4.22,0.83,1.0,84%,14.0,Synthetic,,,,,,37.0,32ms - 42ms,37.0,32.0,59.0,16.0
2026-03-24,True,22:08,05:17,7.15,6.35,48,1.3,4.07,0.98,4.0,89%,3.0,Synthetic,,,,,,44.0,39ms - 49ms,37.0,34.0,59.0,25.0
2026-03-25,True,23:23,06:33,7.16,6.58,35,1.35,4.04,1.19,5.0,92%,6.0,Synthetic,,,,,,56.0,51ms - 61ms,40.0,24.0,51.0,17.0
2026-03-26,True,21:23,06:15,8.88,8.53,21,1.96,4.9,1.67,0.0,96%,28.0,Synthetic,,,,,,69.0,64ms - 74ms,45.0,14.0,40.0,2.0
2026-03-27,True,23:43,07:15,7.53,7.13,24,1.67,4.3,1.17,0.0,95%,12.0,Synthetic,,,,,,58.0,53ms - 63ms,48.0,20.0,49.0,8.0
2026-03-28,True,21:56,05:01,7.07,6.66,25,1.5,3.72,1.43,3.0,94%,9.0,Synthetic,False,13:09,13:46,37.0,Synthetic,54.0,49ms - 59ms,51.0,22.0,49.0,10.0
2026-03-29,True,23:30,07:13,7.73,7.65,5,1.44,4.82,1.39,0.0,99%,45.0,Synthetic,False,14:11,14:24,13.0,Synthetic,59.0,54ms - 64ms,54.0,22.0,47.0,15.0
2026-03-30,True,22:29,06:56,8.45,8.05,24,1.97,4.61,1.46,1.0,95%,10.0,Synthetic,,,,,,60.0,55ms - 65ms,57.0,9.0,45.0,4.0
2026-03-31,True,23:37,07:07,7.51,7.02,29,1.64,4.04,1.34,1.0,94%,65.0,Synthetic,,,,,,52.0,47ms - 57ms,58.0,25.0,49.0,14.0
2026-04-01,True,00:52,09:02,8.16,7.8,22,1.71,4.77,1.32,1.0,96%,22.0,Synthetic,,,,,,54.0,49ms - 59ms,58.0,17.0,54.0,17.0
2026-04-02,True,21:40,05:24,7.72,7.24,29,1.7,4.27,1.27,2.0,94%,39.0,Synthetic,,,,,,57.0,52ms - 62ms,56.0,20.0,52.0,11.0
2026-04-03,True,23:24,07:15,7.84,7.52,19,1.48,4.61,1.43,1.0,96%,11.0,Synthetic,,,,,,61.0,56ms - 66ms,57.0,25.0,48.0,15.0
2026-04-04,True,21:57,05:44,7.79,7.36,26,1.63,4.6,1.12,2.0,94%,33.0,Synthetic,,,,,,49.0,44ms - 54ms,56.0,26.0,51.0,12.0
2026-04-05,True,23:15,06:48,7.55,6.86,41,1.41,4.24,1.22,2.0,91%,6.0,Synthetic,,,,,,54.0,49ms - 59ms,55.0,28.0,48.0,13.0
2026-04-06,True,22:53,06:11,7.3,6.8,30,1.23,4.28,1.29,0.0,93%,7.0,Synthetic,,,,,,48.0,43ms - 53ms,54.0,32.0,55.0,14.0
2026-04-07,True,23:05,06:26,7.36,6.41,57,1.37,3.97,1.07,1.0,87%,25.0,Synthetic,False,14:58,15:17,19.0,Synthetic,47.0,42ms - 52ms,53.0,38.0,57.0,21.0
2026-04-08,True,22:28,05:25,6.94,6.49,27,1.49,4.02,0.98,0.0,94%,3.0,Synthetic,False,11:47,12:58,71.0,Synthetic,46.0,41ms - 51ms,52.0,36.0,58.0,14.0
2026-04-09,True,23:27,07:29,8.03,7.51,31,1.79,4.55,1.17,3.0,94%,9.0,Synthetic,,,,,,48.0,43ms - 53ms,50.0,31.0,53.0,17.0
2026-04-10,True,22:09,05:32,7.37,6.27,66,1.43,3.88,0.96,2.0,85%,22.0,Synthetic,False,15:02,15:14,12.0,Synthetic,43.0,38ms - 48ms,48.0,35.0,58.0,16.0
2026-04-11,True,23:43,06:30,6.78,5.95,50,1.22,3.76,0.97,0.0,88%,53.0,Synthetic,,,,,,51.0,46ms - 56ms,48.0,31.0,50.0,10.0
2026-04-12,True,22:46,07:25,8.66,8.18,29,1.87,4.88,1.42,2.0,94%,5.0,Synthetic,,,,,,63.0,58ms - 68ms,49.0,19.0,47.0,9.0
2026-04-13,True,22:11,07:01,8.84,8.55,17,2.01,4.91,1.64,3.0,97%,34.0,Synthetic,,,,,,57.0,52ms - 62ms,51.0,15.0,53.0,17.0
2026-04-14,True,23:56,07:33,7.62,7.27,21,1.64,4.53,1.1,3.0,95%,14.0,Synthetic,,,,,,54.0,49ms - 59ms,52.0,24.0,55.0,12.0
2026-04-15,True,22:58,05:57,7.0,6.5,30,1.45,3.79,1.26,1.0,93%,83.0,Synthetic,,,,,,54.0,49ms - 59ms,53.0,25.0,52.0,8.0
2026-04-16,True,00:07,07:47,7.66,7.15,31,1.67,4.27,1.21,1.0,93%,41.0,Synthetic,False,14:28,14:53,25.0,Synthetic,56.0,51ms - 61ms,54.0,29.0,52.0,14.0
2026-04-17,True,23:43,07:09,7.44,6.82,37,1.39,4.26,1.18,1.0,92%,16.0,Synthetic,,,,,,48.0,43ms - 53ms,55.0,23.0,49.0,15.0
2026-04-18,True,22:32,06:08,7.6,7.03,34,1.37,4.6,1.06,1.0,93%,29.0,Synthetic,False,14:50,15:02,12.0,Synthetic,54.0,49ms - 59ms,55.0,21.0,48.0,28.0
2026-04-19,True,22:57,06:04,7.12,6.57,33,1.31,3.99,1.27,0.0,92%,1.0,Synthetic,,,,,,54.0,49ms - 59ms,54.0,29.0,54.0,15.0
2026-04-20,True,23:04,07:19,8.25,8.16,5,2.05,4.4,1.72,0.0,99%,37.0,Synthetic,False,15:51,16:20,29.0,Synthetic,69.0,64ms - 74ms,56.0,15.0,46.0,7.0
2026-04-21,True,23:53,08:29,8.6,8.52,5,2.15,4.52,1.84,0.0,99%,7.0,Synthetic,False,14:12,14:33,21.0,Synthetic,77.0,72ms - 82ms,59.0,3.0,42.0,11.0
2026-04-22,True,23:15,07:05,7.82,7.41,25,1.87,4.26,1.27,2.0,95%,28.0,Synthetic,False,16:07,16:35,28.0,Synthetic,72.0,67ms - 77ms,61.0,15.0,46.0,1.0
2026-04-23,True,23:06,07:04,7.97,7.8,10,1.85,4.44,1.51,0.0,98%,16.0,Synthetic,,,,,,55.0,50ms - 60ms,61.0,12.0,50.0,12.0
2026-04-24,True,22:53,07:20,8.46,7.86,36,1.55,4.96,1.35,2.0,93%,8.0,Synthetic,False,11:06,11:41,35.0,Synthetic,46.0,41ms - 51ms,61.0,23.0,57.0,23.0
2026-04-25,True,22:58,06:48,7.83,7.53,18,1.79,4.58,1.16,3.0,96%,49.0,Synthetic,,,,,,57.0,52ms - 62ms,61.0,28.0,51.0,11.0
2026-04-26,True,23:46,07:32,7.78,7.3,29,1.68,4.31,1.31,2.0,94%,0.0,Synthetic,,,,,,56.0,51ms - 61ms,62.0,31.0,54.0,5.0
2026-04-27,True,23:00,06:49,7.82,7.47,21,1.5,4.57,1.4,0.0,96%,10.0,Synthetic,,,,,,55.0,50ms - 60ms,60.0,14.0,50.0,9.0
2026-04-28,True,22:46,06:47,8.01,6.99,61,1.59,4.22,1.18,1.0,87%,8.0,Synthetic,,,,,,44.0,39ms - 49ms,55.0,29.0,55.0,23.0
2026-04-29,True,22:40,05:44,7.07,6.42,39,1.3,3.99,1.13,1.0,91%,5.0,Synthetic,False,14:55,15:07,12.0,Synthetic,52.0,47ms - 57ms,52.0,25.0,55.0,15.0
2026-04-30,True,22:41,06:20,7.65,7.42,14,1.38,4.7,1.35,2.0,97%,17.0,Synthetic,,,,,,53.0,48ms - 58ms,52.0,32.0,49.0,9.0
2026-05-01,True,22:11,05:40,7.48,6.66,49,1.18,4.22,1.26,2.0,89%,17.0,Synthetic,,,,,,46.0,41ms - 51ms,52.0,27.0,62.0,13.0
2026-05-02,True,22:34,06:41,8.13,7.56,34,1.33,4.87,1.36,1.0,93%,15.0,Synthetic,,,,,,51.0,46ms - 56ms,51.0,28.0,57.0,14.0
2026-05-03,True,23:52,07:15,7.38,6.87,31,1.41,4.66,0.79,5.0,93%,21.0,Synthetic,,,,,,50.0,45ms - 55ms,50.0,36.0,55.0,17.0
2026-05-04,True,22:53,07:20,8.45,7.76,41,1.56,4.94,1.26,3.0,92%,6.0,Synthetic,,,,,,60.0,55ms - 65ms,51.0,25.0,55.0,20.0
2026-05-05,True,23:25,06:23,6.98,6.43,33,1.26,4.13,1.04,1.0,92%,58.0,Synthetic,,,,,,50.0,45ms - 55ms,52.0,32.0,59.0,19.0
2026-05-06,True,21:33,05:34,8.02,7.2,49,1.56,4.66,0.98,1.0,90%,1.0,Synthetic,False,10:37,11:29,52.0,Synthetic,48.0,43ms - 53ms,51.0,21.0,56.0,17.0
2026-05-07,True,23:20,06:52,7.53,7.03,30,1.47,4.39,1.17,3.0,93%,49.0,Synthetic,,,,,,49.0,44ms - 54ms,51.0,28.0,51.0,10.0
2026-05-08,True,22:54,06:02,7.12,6.62,30,1.42,3.94,1.26,2.0,93%,1.0,Synthetic,False,14:03,14:21,18.0,Synthetic,52.0,47ms - 57ms,51.0,19.0,57.0,9.0
2026-05-09,True,22:43,06:41,7.96,7.69,16,1.82,4.59,1.29,1.0,97%,8.0,Synthetic,,,,,,62.0,57ms - 67ms,53.0,14.0,48.0,12.0
2026-05-10,True,23:06,06:48,7.7,7.0,42,1.4,4.49,1.11,4.0,91%,12.0,Synthetic,,,,,,50.0,45ms - 55ms,53.0,38.0,58.0,13.0
2026-05-11,True,22:43,06:07,7.41,6.41,60,0.9,4.62,0.88,7.0,87%,4.0,Synthetic,False,13:01,13:35,34.0,Synthetic,40.0,35ms - 45ms,50.0,33.0,54.0,17.0
2026-05-12,True,21:46,04:36,6.84,6.03,49,1.14,3.99,0.89,3.0,88%,11.0,Synthetic,False,13:34,13:56,22.0,Synthetic,50.0,45ms - 55ms,50.0,28.0,57.0,17.0
2026-05-13,True,23:32,07:30,7.96,6.99,58,1.11,4.53,1.35,1.0,88%,10.0,Synthetic,,,,,,51.0,46ms - 56ms,51.0,24.0,52.0,10.0
2026-05-14,True,23:09,06:44,7.59,6.48,67,1.31,4.16,1.0,2.0,85%,23.0,Synthetic,,,,,,42.0,37ms - 47ms,50.0,28.0,55.0,11.0
2026-05-15,True,22:49,05:36,6.79,6.1,41,1.09,4.06,0.95,2.0,90%,9.0,Synthetic,,,,,,41.0,36ms - 46ms,48.0,38.0,58.0,20.0
2026-05-16,True,22:26,05:48,7.37,6.6,46,1.43,4.35,0.81,2.0,90%,12.0,Synthetic,,,,,,50.0,45ms - 55ms,46.0,37.0,61.0,19.0
2026-05-17,True,22:09,05:03,6.9,6.69,13,1.67,3.59,1.43,1.0,97%,7.0,Synthetic,,,,,,54.0,49ms - 59ms,47.0,8.0,55.0,16.0
2026-05-18,True,23:08,05:42,6.57,6.02,33,1.22,3.76,1.04,2.0,92%,81.0,Synthetic,,,,,,46.0,41ms - 51ms,48.0,26.0,56.0,19.0
2026-05-19,True,23:56,07:46,7.83,7.41,25,1.51,4.65,1.26,2.0,95%,5.0,Synthetic,,,,,,47.0,42ms - 52ms,47.0,26.0,52.0,14.0
2026-05-20,True,23:07,06:19,7.2,6.8,24,1.48,4.1,1.21,3.0,94%,12.0,Synthetic,,,,,,46.0,41ms - 51ms,47.0,26.0,53.0,11.0
2026-05-21,True,22:12,04:28,6.28,5.88,24,1.14,3.92,0.82,2.0,94%,18.0,Synthetic,,,,,,55.0,50ms - 60ms,48.0,29.0,56.0,10.0
2026-05-22,True,23:08,06:50,7.71,6.99,43,1.35,4.4,1.24,3.0,91%,9.0,Synthetic,,,,,,43.0,38ms - 48ms,49.0,33.0,56.0,15.0
2026-05-23,True,22:58,06:14,7.27,6.77,30,1.46,4.28,1.03,2.0,93%,0.0,Synthetic,,,,,,40.0,35ms - 45ms,47.0,30.0,55.0,19.0
2026-05-24,True,23:30,07:10,7.65,6.97,41,1.43,4.34,1.2,5.0,91%,16.0,Synthetic,False,13:23,13:35,12.0,Synthetic,56.0,51ms - 61ms,48.0,21.0,54.0,14.0
2026-05-25,True,23:21,06:29,7.14,6.87,16,1.65,4.04,1.18,1.0,96%,11.0,Synthetic,False,12:35,12:52,17.0,Synthetic,56.0,51ms - 61ms,49.0,20.0,49.0,3.0
2026-05-26,True,21:15,06:28,9.21,8.41,48,2.15,4.68,1.57,0.0,91%,0.0,Synthetic,False,12:39,13:22,43.0,Synthetic,65.0,60ms - 70ms,52.0,20.0,46.0,4.0
2026-05-27,True,23:19,07:47,8.46,8.37,5,1.96,4.66,1.76,1.0,99%,15.0,Synthetic,False,14:37,14:49,12.0,Synthetic,73.0,68ms - 78ms,55.0,8.0,41.0,11.0
2026-05-28,True,22:25,07:47,9.38,9.13,15,2.38,4.93,1.82,0.0,97%,6.0,Synthetic,,,,,,63.0,58ms - 68ms,57.0,14.0,48.0,7.0
2026-05-29,True,22:10,06:54,8.73,8.64,5,2.34,4.43,1.87,0.0,99%,24.0,Synthetic,False,12:06,12:43,37.0,Synthetic,71.0,66ms - 76ms,61.0,10.0,48.0,1.0
2026-05-30,True,22:53,07:48,8.91,8.39,31,2.12,4.59,1.68,1.0,94%,1.0,Synthetic,,,,,,71.0,66ms - 76ms,65.0,20.0,47.0,15.0
2026-05-31,True,23:14,07:46,8.53,8.13,24,1.92,4.52,1.69,0.0,95%,10.0,Synthetic,,,,,,74.0,69ms - 79ms,68.0,10.0,49.0,6.0
2026-06-01,True,22:03,06:34,8.53,8.13,24,1.77,4.88,1.48,1.0,95%,6.0,Synthetic,,,,,,68.0,63ms - 73ms,69.0,22.0,46.0,11.0
2026-06-02,True,23:25,07:25,8.0,7.87,8,1.71,4.45,1.71,0.0,98%,1.0,Synthetic,,,,,,57.0,52ms - 62ms,68.0,26.0,50.0,12.0
2026-06-03,True,23:27,07:47,8.33,7.73,36,1.72,4.87,1.14,2.0,93%,39.0,Synthetic,,,,,,57.0,52ms - 62ms,66.0,25.0,50.0,12.0
2026-06-04,True,23:02,06:32,7.5,7.3,12,1.51,4.32,1.48,0.0,97%,12.0,Synthetic,,,,,,56.0,51ms - 61ms,65.0,19.0,49.0,8.0
2026-06-05,True,22:30,06:10,7.68,6.75,56,1.44,4.02,1.28,0.0,88%,8.0,Synthetic,,,,,,57.0,52ms - 62ms,63.0,26.0,56.0,24.0
2026-06-06,True,22:26,06:11,7.75,7.08,40,1.35,4.59,1.14,1.0,91%,28.0,Synthetic,,,,,,51.0,46ms - 56ms,60.0,22.0,52.0,17.0
2026-06-07,True,23:36,07:42,8.1,7.52,35,1.57,4.39,1.56,2.0,93%,11.0,Synthetic,,,,,,58.0,53ms - 63ms,58.0,29.0,49.0,17.0
2026-06-08,True,22:07,06:29,8.36,8.28,5,1.91,4.73,1.64,1.0,99%,19.0,Synthetic,,,,,,58.0,53ms - 63ms,56.0,21.0,46.0,13.0
2026-06-09,True,23:37,07:19,7.69,7.54,9,2.13,3.88,1.53,1.0,98%,11.0,Synthetic,,,,,,71.0,66ms - 76ms,58.0,19.0,45.0,5.0
2026-06-10,True,22:54,07:17,8.38,8.08,18,1.83,4.61,1.63,0.0,96%,10.0,Synthetic,,,,,,73.0,68ms - 78ms,61.0,6.0,46.0,11.0
2026-06-11,True,22:57,07:42,8.76,8.35,25,2.31,4.39,1.64,0.0,95%,20.0,Synthetic,,,,,,66.0,61ms - 71ms,62.0,7.0,50.0,3.0
2026-06-12,True,22:00,05:54,7.9,7.15,45,1.56,4.36,1.22,2.0,91%,1.0,Synthetic,,,,,,52.0,47ms - 57ms,61.0,35.0,55.0,14.0
2026-06-13,True,22:55,06:46,7.84,7.61,14,1.68,4.57,1.36,2.0,97%,11.0,Synthetic,,,,,,56.0,51ms - 61ms,62.0,24.0,48.0,7.0
2026-06-14,True,23:21,05:50,6.47,5.68,47,1.13,3.48,1.07,2.0,88%,57.0,Synthetic,,,,,,50.0,45ms - 55ms,61.0,27.0,59.0,9.0
2026-06-15,True,22:13,05:26,7.21,6.24,58,1.27,3.97,1.0,2.0,87%,3.0,Synthetic,,,,,,44.0,39ms - 49ms,59.0,39.0,59.0,19.0
2026-06-16,True,23:17,06:28,7.17,7.0,10,1.51,4.36,1.13,2.0,98%,32.0,Synthetic,,,,,,56.0,51ms - 61ms,57.0,24.0,47.0,9.0
2026-06-17,True,23:03,05:58,6.92,6.48,26,1.68,3.53,1.28,0.0,94%,5.0,Synthetic,,,,,,62.0,57ms - 67ms,55.0,23.0,49.0,3.0
2026-06-18,True,22:37,05:57,7.32,6.69,38,1.34,4.1,1.25,1.0,91%,38.0,Synthetic,,,,,,53.0,48ms - 58ms,53.0,25.0,56.0,16.0
2026-06-19,True,23:30,06:28,6.97,6.31,40,1.41,3.82,1.09,3.0,90%,3.0,Synthetic,,,,,,41.0,36ms - 46ms,52.0,29.0,57.0,25.0
2026-06-20,True,21:43,04:46,7.06,6.76,18,1.26,4.3,1.19,1.0,96%,9.0,Synthetic,,,,,,45.0,40ms - 50ms,50.0,28.0,52.0,21.0
2026-06-21,True,23:12,06:54,7.7,6.95,45,1.28,4.64,1.02,0.0,90%,16.0,Synthetic,,,,,,42.0,37ms - 47ms,49.0,27.0,59.0,18.0
2026-06-22,True,23:57,07:00,7.05,6.27,47,0.99,4.45,0.83,3.0,89%,71.0,Synthetic,,,,,,45.0,40ms - 50ms,49.0,35.0,53.0,19.0
2026-06-23,True,23:50,06:48,6.95,6.25,42,1.29,4.07,0.89,6.0,90%,5.0,Synthetic,,,,,,52.0,47ms - 57ms,49.0,32.0,55.0,20.0
2026-06-24,True,23:14,06:53,7.66,7.26,24,1.79,4.39,1.07,1.0,95%,26.0,Synthetic,,,,,,58.0,53ms - 63ms,48.0,33.0,54.0,17.0
2026-06-25,True,22:49,07:08,8.31,7.94,22,1.76,4.72,1.46,1.0,96%,8.0,Synthetic,,,,,,59.0,54ms - 64ms,49.0,22.0,50.0,10.0
2026-06-26,True,22:38,05:28,6.84,6.02,49,1.09,4.02,0.91,5.0,88%,29.0,Synthetic,False,13:01,13:13,12.0,Synthetic,44.0,39ms - 49ms,49.0,22.0,56.0,19.0
2026-06-27,True,22:49,05:59,7.16,6.36,48,1.09,4.3,0.97,2.0,89%,19.0,Synthetic,,,,,,44.0,39ms - 49ms,49.0,30.0,58.0,18.0
2026-06-28,True,23:19,07:04,7.75,7.15,36,1.41,4.91,0.82,3.0,92%,2.0,Synthetic,,,,,,48.0,43ms - 53ms,50.0,42.0,57.0,18.0
2026-06-29,True,22:32,06:03,7.52,7.02,30,1.24,4.73,1.05,1.0,93%,14.0,Synthetic,,,,,,49.0,44ms - 54ms,51.0,30.0,56.0,13.0
2026-06-30,True,23:27,07:51,8.41,8.04,22,1.74,4.66,1.64,0.0,96%,3.0,Synthetic,,,,,,58.0,53ms - 63ms,51.0,14.0,50.0,9.0
2026-07-01,True,00:15,07:19,7.07,6.74,20,1.36,4.38,1.0,0.0,95%,6.0,Synthetic,False,13:58,14:27,29.0,Synthetic,48.0,43ms - 53ms,50.0,33.0,58.0,22.0
2026-07-02,True,22:58,06:45,7.78,6.93,51,1.53,4.27,1.13,2.0,89%,15.0,Synthetic,,,,,,45.0,40ms - 50ms,48.0,28.0,58.0,22.0
2026-07-03,True,22:13,05:22,7.15,6.53,37,1.77,3.84,0.92,4.0,91%,4.0,Synthetic,,,,,,53.0,48ms - 58ms,49.0,21.0,54.0,17.0
2026-07-04,True,22:13,05:28,7.25,6.4,51,1.09,4.17,1.14,1.0,88%,49.0,Synthetic,,,,,,43.0,38ms - 48ms,49.0,33.0,58.0,26.0
2026-07-05,True,23:27,07:17,7.83,7.1,44,1.73,4.16,1.21,5.0,91%,11.0,Synthetic,,,,,,55.0,50ms - 60ms,50.0,25.0,52.0,12.0
2026-07-06,True,22:58,05:51,6.88,6.76,7,1.51,4.03,1.22,4.0,98%,14.0,Synthetic,,,,,,58.0,53ms - 63ms,51.0,14.0,48.0,19.0
2026-07-07,True,23:31,06:28,6.96,6.88,5,1.54,3.8,1.54,1.0,99%,14.0,Synthetic,,,,,,60.0,55ms - 65ms,52.0,14.0,47.0,13.0
2026-07-08,True,22:41,06:49,8.12,7.52,36,1.67,4.36,1.48,1.0,93%,9.0,Synthetic,,,,,,55.0,50ms - 60ms,53.0,25.0,51.0,26.0
2026-07-09,True,23:29,07:15,7.77,7.34,26,1.66,4.39,1.29,1.0,94%,8.0,Synthetic,False,13:42,14:10,28.0,Synthetic,56.0,51ms - 61ms,54.0,19.0,51.0,6.0
2026-07-10,True,22:54,06:37,7.7,7.34,22,1.74,4.28,1.32,0.0,95%,18.0,Synthetic,,,,,,65.0,60ms - 70ms,56.0,19.0,52.0,6.0
2026-07-11,True,22:34,06:30,7.92,7.64,17,1.7,4.55,1.38,0.0,96%,36.0,Synthetic,,,,,,64.0,59ms - 69ms,59.0,13.0,49.0,11.0
2026-07-12,True,22:46,07:24,8.64,8.11,32,1.64,4.92,1.55,2.0,94%,25.0,Synthetic,,,,,,57.0,52ms - 62ms,59.0,23.0,52.0,12.0
2026-07-13,True,22:18,05:26,7.13,6.53,36,1.25,4.1,1.18,0.0,92%,4.0,Synthetic,,,,,,60.0,55ms - 65ms,60.0,14.0,52.0,18.0
2026-07-14,True,00:10,07:15,7.09,6.41,41,1.44,3.93,1.04,1.0,90%,40.0,Synthetic,,,,,,49.0,44ms - 54ms,58.0,34.0,53.0,11.0
2026-07-15,True,22:57,06:06,7.16,6.61,33,1.33,4.0,1.29,3.0,92%,22.0,Synthetic,,,,,,49.0,44ms - 54ms,57.0,18.0,55.0,18.0
2026-07-16,True,23:23,07:13,7.85,7.65,12,1.49,4.9,1.26,1.0,97%,39.0,Synthetic,,,,,,46.0,41ms - 51ms,56.0,22.0,53.0,19.0
2026-07-17,True,22:41,06:42,8.02,7.3,43,1.55,4.21,1.53,4.0,91%,8.0,Synthetic,,,,,,58.0,53ms - 63ms,55.0,27.0,56.0,16.0
2026-07-18,True,22:23,06:57,8.56,7.89,40,1.9,4.54,1.45,2.0,92%,40.0,Synthetic,,,,,,64.0,59ms - 69ms,55.0,29.0,51.0,7.0
2026-07-19,True,22:52,06:06,7.23,6.48,45,1.36,3.82,1.3,2.0,90%,4.0,Synthetic,,,,,,52.0,47ms - 57ms,54.0,29.0,51.0,20.0
2026-07-20,True,23:39,06:34,6.92,6.47,27,1.23,4.12,1.12,3.0,94%,29.0,Synthetic,,,,,,58.0,53ms - 63ms,54.0,30.0,54.0,20.0
